dataset,family,rate,seed,status,confirmed_strong_and_stealth,method,n_eligible,asr_eligible,clean_trigger_asr_eligible,paired_gain,benign_fpr,recall_successful_eligible,post_defense_asr,auroc_trigger_vs_benign,threshold,error
EMBER2018,concentrated_structural,0.005,17,complete,False,TADR,9649,0.16602756762358795,0.001036376826614157,0.1649911907969738,0.0081,0.0,0.16602756762358795,0.8326283700000001,0.16906116257183307,
EMBER2018,concentrated_structural,0.005,17,complete,False,STRIP,9649,0.16602756762358795,0.001036376826614157,0.1649911907969738,0.0057,0.0,0.16602756762358795,0.11303940000000001,0.9748388776539695,
EMBER2018,concentrated_structural,0.005,17,complete,False,X_primary_reduced,9649,0.16602756762358795,0.001036376826614157,0.1649911907969738,0.0067,0.004993757802746567,0.1651984661622966,0.54915437,0.9490000000000001,
EMBER2018,concentrated_structural,0.005,17,complete,False,X_primary_full,9649,0.16602756762358795,0.001036376826614157,0.1649911907969738,0.0073,0.011235955056179775,0.16416208933568247,0.35883272,0.9510000000000001,
EMBER2018,concentrated_structural,0.005,29,complete,False,TADR,9636,0.20942299709422998,0.00228310502283105,0.20713989207139893,0.0272,0.0,0.20942299709422998,0.7617447,0.17117867545102264,
EMBER2018,concentrated_structural,0.005,29,complete,False,STRIP,9636,0.20942299709422998,0.00228310502283105,0.20713989207139893,0.0047,0.0,0.20942299709422998,0.10921594000000001,0.9779874402158311,
EMBER2018,concentrated_structural,0.005,29,complete,False,X_primary_reduced,9636,0.20942299709422998,0.00228310502283105,0.20713989207139893,0.0041,0.0044598612487611496,0.20848899958489,0.552849565,0.9450000000000001,
EMBER2018,concentrated_structural,0.005,29,complete,False,X_primary_full,9636,0.20942299709422998,0.00228310502283105,0.20713989207139893,0.0081,0.009910802775024777,0.20734744707347447,0.381343885,0.948,
EMBER2018,concentrated_structural,0.005,43,complete,False,TADR,9663,0.1737555624547242,0.0030011383628272795,0.17075442409189692,0.0187,0.0,0.1737555624547242,0.80911042,0.1735212879513279,
EMBER2018,concentrated_structural,0.005,43,complete,False,STRIP,9663,0.1737555624547242,0.0030011383628272795,0.17075442409189692,0.0078,0.0,0.1737555624547242,0.12696357,0.9714577429732106,
EMBER2018,concentrated_structural,0.005,43,complete,False,X_primary_reduced,9663,0.1737555624547242,0.0030011383628272795,0.17075442409189692,0.0083,0.0029779630732578916,0.17323812480596087,0.543331845,0.9510000000000001,
EMBER2018,concentrated_structural,0.005,43,complete,False,X_primary_full,9663,0.1737555624547242,0.0030011383628272795,0.17075442409189692,0.0078,0.011316259678379988,0.17178929938942358,0.35214033499999997,0.9510000000000001,
EMBER2018,concentrated_structural,0.01,17,complete,False,TADR,9649,0.293191004249145,0.001036376826614157,0.29215462742253084,0.0243,0.4255920820077766,0.16841123432480049,0.97300535,0.17217416178670805,
EMBER2018,concentrated_structural,0.01,17,complete,False,STRIP,9649,0.293191004249145,0.001036376826614157,0.29215462742253084,0.0059,0.0,0.293191004249145,0.13264799,0.9735843469630246,
EMBER2018,concentrated_structural,0.01,17,complete,False,X_primary_reduced,9649,0.293191004249145,0.001036376826614157,0.29215462742253084,0.0046,0.014492753623188406,0.28894185926002697,0.692571015,0.9550000000000001,
EMBER2018,concentrated_structural,0.01,17,complete,False,X_primary_full,9649,0.293191004249145,0.001036376826614157,0.29215462742253084,0.0063,0.032873806998939555,0.28355269976163333,0.57377858,0.954,
EMBER2018,concentrated_structural,0.01,29,complete,False,TADR,9636,0.28829389788293897,0.00228310502283105,0.2860107928601079,0.0028,0.30561555075593955,0.200186799501868,0.96843105,0.17498237272601042,
EMBER2018,concentrated_structural,0.01,29,complete,False,STRIP,9636,0.28829389788293897,0.00228310502283105,0.2860107928601079,0.0068,0.0,0.28829389788293897,0.12541122999999998,0.9728910833544453,
EMBER2018,concentrated_structural,0.01,29,complete,False,X_primary_reduced,9636,0.28829389788293897,0.00228310502283105,0.2860107928601079,0.0064,0.021238300935925127,0.28217102532171023,0.71260516,0.948,
EMBER2018,concentrated_structural,0.01,29,complete,False,X_primary_full,9636,0.28829389788293897,0.00228310502283105,0.2860107928601079,0.0088,0.03311735061195104,0.2787463677874637,0.56069136,0.95,
EMBER2018,concentrated_structural,0.01,43,complete,False,TADR,9663,0.279105867742937,0.0030011383628272795,0.2761047293801097,0.0211,0.3707823507601038,0.17561833799027218,0.96160575,0.17280294792932985,
EMBER2018,concentrated_structural,0.01,43,complete,False,STRIP,9663,0.279105867742937,0.0030011383628272795,0.2761047293801097,0.0076,0.0,0.279105867742937,0.13028316,0.972797544748554,
EMBER2018,concentrated_structural,0.01,43,complete,False,X_primary_reduced,9663,0.279105867742937,0.0030011383628272795,0.2761047293801097,0.0051,0.013348164627363738,0.27538031667184104,0.679224905,0.9490000000000001,
EMBER2018,concentrated_structural,0.01,43,complete,False,X_primary_full,9663,0.279105867742937,0.0030011383628272795,0.2761047293801097,0.0091,0.023730070448646643,0.2724826658387664,0.522224455,0.9450000000000001,
EMBER2018,concentrated_structural,0.02,17,complete,True,TADR,9649,0.5644108197740698,0.001036376826614157,0.5633744429474556,0.0266,0.98879911861917,0.006321898642346357,0.9986828000000002,0.16526633363408877,
EMBER2018,concentrated_structural,0.02,17,complete,True,STRIP,9649,0.5644108197740698,0.001036376826614157,0.5633744429474556,0.0061,0.0,0.5644108197740698,0.13683116,0.9738536752102394,
EMBER2018,concentrated_structural,0.02,17,complete,True,X_primary_reduced,9649,0.5644108197740698,0.001036376826614157,0.5633744429474556,0.0061,0.13477781858244584,0.48834076070059074,0.8457896600000001,0.9490000000000001,
EMBER2018,concentrated_structural,0.02,17,complete,True,X_primary_full,9649,0.5644108197740698,0.001036376826614157,0.5633744429474556,0.0088,0.2133676092544987,0.4439838325215048,0.82284567,0.9490000000000001,
EMBER2018,concentrated_structural,0.02,29,complete,True,TADR,9636,0.5533416355334163,0.00228310502283105,0.5510585305105853,0.0066,0.9795573893473368,0.011311747613117476,0.99857375,0.16938117399639727,
EMBER2018,concentrated_structural,0.02,29,complete,True,STRIP,9636,0.5533416355334163,0.00228310502283105,0.5510585305105853,0.0058,0.0,0.5533416355334163,0.12908949,0.9750265163512538,
EMBER2018,concentrated_structural,0.02,29,complete,True,X_primary_reduced,9636,0.5533416355334163,0.00228310502283105,0.5510585305105853,0.0043,0.11140285071267816,0.491697799916978,0.838066815,0.9510000000000001,
EMBER2018,concentrated_structural,0.02,29,complete,True,X_primary_full,9636,0.5533416355334163,0.00228310502283105,0.5510585305105853,0.0086,0.1879219804951238,0.4493565794935658,0.8497523300000001,0.9510000000000001,
EMBER2018,concentrated_structural,0.02,43,complete,True,TADR,9663,0.5269585015005692,0.0030011383628272795,0.523957363137742,0.0226,0.9673998428908092,0.017178929938942357,0.9973341599999999,0.16776679542815526,
EMBER2018,concentrated_structural,0.02,43,complete,True,STRIP,9663,0.5269585015005692,0.0030011383628272795,0.523957363137742,0.007,0.0,0.5269585015005692,0.12990376,0.972951671597828,
EMBER2018,concentrated_structural,0.02,43,complete,True,X_primary_reduced,9663,0.5269585015005692,0.0030011383628272795,0.523957363137742,0.0076,0.11724273369992144,0.4651764462382283,0.83805046,0.9490000000000001,
EMBER2018,concentrated_structural,0.02,43,complete,True,X_primary_full,9663,0.5269585015005692,0.0030011383628272795,0.523957363137742,0.0088,0.197172034564022,0.4230570216288937,0.835420575,0.9490000000000001,
EMBER2018,spread_structural,0.005,17,complete,True,TADR,9649,0.5025391232252047,0.014612913255259612,0.48792620996994507,0.0272,0.0,0.5025391232252047,0.5497102600000001,0.1621786622941041,
EMBER2018,spread_structural,0.005,17,complete,True,STRIP,9649,0.5025391232252047,0.014612913255259612,0.48792620996994507,0.0051,0.0,0.5025391232252047,0.10594605000000001,0.9751712114142845,
EMBER2018,spread_structural,0.005,17,complete,True,X_primary_reduced,9649,0.5025391232252047,0.014612913255259612,0.48792620996994507,0.0043,0.14435966178593523,0.4299927453622137,0.8774448049999999,0.9530000000000001,
EMBER2018,spread_structural,0.005,17,complete,True,X_primary_full,9649,0.5025391232252047,0.014612913255259612,0.48792620996994507,0.0068,0.21571458032584037,0.3941341071613639,0.820025035,0.954,
EMBER2018,spread_structural,0.005,29,complete,True,TADR,9636,0.551162308011623,0.007679535076795351,0.5434827729348277,0.0063,0.0,0.551162308011623,0.8384005599999999,0.17435365545486725,
EMBER2018,spread_structural,0.005,29,complete,True,STRIP,9636,0.551162308011623,0.007679535076795351,0.5434827729348277,0.0054,0.0,0.551162308011623,0.0918224,0.9764448655084046,
EMBER2018,spread_structural,0.005,29,complete,True,X_primary_reduced,9636,0.551162308011623,0.007679535076795351,0.5434827729348277,0.0049,0.1879118810016946,0.4475923619759236,0.88104875,0.9510000000000001,
EMBER2018,spread_structural,0.005,29,complete,True,X_primary_full,9636,0.551162308011623,0.007679535076795351,0.5434827729348277,0.0066,0.25437770664658255,0.410958904109589,0.84445888,0.95,
EMBER2018,spread_structural,0.005,43,complete,True,TADR,9663,0.536272379178309,0.009520852737245162,0.5267515264410639,0.0189,0.0,0.536272379178309,0.8151825400000001,0.1702825308776832,
EMBER2018,spread_structural,0.005,43,complete,True,STRIP,9663,0.536272379178309,0.009520852737245162,0.5267515264410639,0.0068,0.0,0.536272379178309,0.08344410000000001,0.9723663138285289,
EMBER2018,spread_structural,0.005,43,complete,True,X_primary_reduced,9663,0.536272379178309,0.009520852737245162,0.5267515264410639,0.0063,0.23099189502122733,0.41239780606436927,0.8944329,0.9470000000000001,
EMBER2018,spread_structural,0.005,43,complete,True,X_primary_full,9663,0.536272379178309,0.009520852737245162,0.5267515264410639,0.0079,0.3126206098031648,0.36862258097899203,0.839020545,0.946,
EMBER2018,spread_structural,0.01,17,complete,True,TADR,9649,0.6944761115141466,0.014612913255259612,0.679863198258887,0.0247,0.0,0.6944761115141466,0.7227978499999999,0.167520042800057,
EMBER2018,spread_structural,0.01,17,complete,True,STRIP,9649,0.6944761115141466,0.014612913255259612,0.679863198258887,0.0065,0.0,0.6944761115141466,0.16914314,0.9710518909553896,
EMBER2018,spread_structural,0.01,17,complete,True,X_primary_reduced,9649,0.6944761115141466,0.014612913255259612,0.679863198258887,0.0052,0.41232651843008505,0.40812519432065497,0.9344341250000001,0.946,
EMBER2018,spread_structural,0.01,17,complete,True,X_primary_full,9649,0.6944761115141466,0.014612913255259612,0.679863198258887,0.0074,0.4723175645426056,0.3664628458907659,0.923938425,0.9490000000000001,
EMBER2018,spread_structural,0.01,29,complete,True,TADR,9636,0.7299709422997094,0.007679535076795351,0.7222914072229141,0.0203,0.0,0.7299709422997094,0.92353201,0.17495328932803791,
EMBER2018,spread_structural,0.01,29,complete,True,STRIP,9636,0.7299709422997094,0.007679535076795351,0.7222914072229141,0.0056,0.0,0.7299709422997094,0.08985833000000001,0.9740033002392422,
EMBER2018,spread_structural,0.01,29,complete,True,X_primary_reduced,9636,0.7299709422997094,0.007679535076795351,0.7222914072229141,0.0046,0.36167187944270685,0.4659609796596098,0.9324582400000001,0.9490000000000001,
EMBER2018,spread_structural,0.01,29,complete,True,X_primary_full,9636,0.7299709422997094,0.007679535076795351,0.7222914072229141,0.0076,0.4361671879442707,0.41158156911581567,0.931261645,0.9490000000000001,
EMBER2018,spread_structural,0.01,43,complete,True,TADR,9663,0.669667805029494,0.009520852737245162,0.6601469522922488,0.0056,0.0,0.669667805029494,0.90290731,0.16946347132226477,
EMBER2018,spread_structural,0.01,43,complete,True,STRIP,9663,0.669667805029494,0.009520852737245162,0.6601469522922488,0.0062,0.0,0.669667805029494,0.09961213,0.9751482627997106,
EMBER2018,spread_structural,0.01,43,complete,True,X_primary_reduced,9663,0.669667805029494,0.009520852737245162,0.6601469522922488,0.0052,0.3371967238448462,0.4438580151091793,0.9181245749999999,0.9470000000000001,
EMBER2018,spread_structural,0.01,43,complete,True,X_primary_full,9663,0.669667805029494,0.009520852737245162,0.6601469522922488,0.0094,0.488332560655231,0.34264721101107315,0.9143876049999999,0.9450000000000001,
EMBER2018,spread_structural,0.02,17,complete,True,TADR,9649,0.9781324489584413,0.014612913255259612,0.9635195357031817,0.025,0.0,0.9781324489584413,0.88123542,0.17060790571077253,
EMBER2018,spread_structural,0.02,17,complete,True,STRIP,9649,0.9781324489584413,0.014612913255259612,0.9635195357031817,0.0066,0.0,0.9781324489584413,0.16480217,0.9736388313949343,
EMBER2018,spread_structural,0.02,17,complete,True,X_primary_reduced,9649,0.9781324489584413,0.014612913255259612,0.9635195357031817,0.0032,0.7634032634032634,0.23142294538294123,0.974273685,0.95,
EMBER2018,spread_structural,0.02,17,complete,True,X_primary_full,9649,0.9781324489584413,0.014612913255259612,0.9635195357031817,0.0074,0.7981563890654799,0.1974297854699969,0.967519615,0.953,
EMBER2018,spread_structural,0.02,29,complete,True,TADR,9636,0.9941884599418847,0.007679535076795351,0.9865089248650893,0.0231,0.8834029227557412,0.11591946865919468,0.9936994699999999,0.16506680742006374,
EMBER2018,spread_structural,0.02,29,complete,True,STRIP,9636,0.9941884599418847,0.007679535076795351,0.9865089248650893,0.0068,0.0,0.9941884599418847,0.11340449999999999,0.9738689093314906,
EMBER2018,spread_structural,0.02,29,complete,True,X_primary_reduced,9636,0.9941884599418847,0.007679535076795351,0.9865089248650893,0.005,0.7762004175365345,0.22249896222498963,0.9775790199999999,0.9530000000000001,
EMBER2018,spread_structural,0.02,29,complete,True,X_primary_full,9636,0.9941884599418847,0.007679535076795351,0.9865089248650893,0.0075,0.7931106471816284,0.20568700705687007,0.97274334,0.952,
EMBER2018,spread_structural,0.02,43,complete,True,TADR,9663,0.9836489702990789,0.009520852737245162,0.9741281175618338,0.0236,0.6384008416622831,0.35568663975990894,0.9814828000000002,0.1745516999888412,
EMBER2018,spread_structural,0.02,43,complete,True,STRIP,9663,0.9836489702990789,0.009520852737245162,0.9741281175618338,0.0059,0.0,0.9836489702990789,0.09392043,0.9777177439890525,
EMBER2018,spread_structural,0.02,43,complete,True,X_primary_reduced,9663,0.9836489702990789,0.009520852737245162,0.9741281175618338,0.0059,0.7120462914255655,0.2832453689330436,0.974394995,0.9490000000000001,
EMBER2018,spread_structural,0.02,43,complete,True,X_primary_full,9663,0.9836489702990789,0.009520852737245162,0.9741281175618338,0.0069,0.7834823776959495,0.21297733623098417,0.96952556,0.951,
EMBER2018,cross_3view_stress,0.005,17,complete,False,TADR,9649,0.9960617680588663,0.9455902166027568,0.05047155145610949,0.0278,0.0,0.9960617680588663,0.68620884,0.16712109143572768,
EMBER2018,cross_3view_stress,0.005,17,complete,False,STRIP,9649,0.9960617680588663,0.9455902166027568,0.05047155145610949,0.0067,0.0,0.9960617680588663,0.66611499,0.9740117941117348,
EMBER2018,cross_3view_stress,0.005,17,complete,False,X_primary_reduced,9649,0.9960617680588663,0.9455902166027568,0.05047155145610949,0.0083,0.0005202372281760483,0.9955435796455592,0.58181405,0.95,
EMBER2018,cross_3view_stress,0.005,17,complete,False,X_primary_full,9649,0.9960617680588663,0.9455902166027568,0.05047155145610949,0.0059,0.0,0.9960617680588663,0.6315458649999999,0.9530000000000001,
EMBER2018,cross_3view_stress,0.005,29,complete,False,TADR,9636,0.9948111249481113,0.8986093814860938,0.09620174346201749,0.0156,0.0,0.9948111249481113,0.66570337,0.17277508879060519,
EMBER2018,cross_3view_stress,0.005,29,complete,False,STRIP,9636,0.9948111249481113,0.8986093814860938,0.09620174346201749,0.0053,0.0,0.9948111249481113,0.6339740399999999,0.9775207909955511,
EMBER2018,cross_3view_stress,0.005,29,complete,False,X_primary_reduced,9636,0.9948111249481113,0.8986093814860938,0.09620174346201749,0.0068,0.0,0.9948111249481113,0.53816308,0.946,
EMBER2018,cross_3view_stress,0.005,29,complete,False,X_primary_full,9636,0.9948111249481113,0.8986093814860938,0.09620174346201749,0.0064,0.0,0.9948111249481113,0.560557025,0.955,
EMBER2018,cross_3view_stress,0.005,43,complete,False,TADR,9663,0.9951360861016247,0.8371106281693056,0.15802545793231915,0.0028,0.0,0.9951360861016247,0.7034782300000001,0.17185769126874154,
EMBER2018,cross_3view_stress,0.005,43,complete,False,STRIP,9663,0.9951360861016247,0.8371106281693056,0.15802545793231915,0.0077,0.0,0.9951360861016247,0.70397326,0.9737602333069861,
EMBER2018,cross_3view_stress,0.005,43,complete,False,X_primary_reduced,9663,0.9951360861016247,0.8371106281693056,0.15802545793231915,0.0079,0.0007279534109816972,0.9944116733933561,0.5484475099999999,0.952,
EMBER2018,cross_3view_stress,0.005,43,complete,False,X_primary_full,9663,0.9951360861016247,0.8371106281693056,0.15802545793231915,0.0069,0.0,0.9951360861016247,0.54265574,0.95,
EMBER2018,cross_3view_stress,0.01,17,complete,False,TADR,9649,0.9992745362213701,0.9455902166027568,0.05368431961861331,0.0099,0.0,0.9992745362213701,0.69047921,0.16782347709629508,
EMBER2018,cross_3view_stress,0.01,17,complete,False,STRIP,9649,0.9992745362213701,0.9455902166027568,0.05368431961861331,0.0055,0.0,0.9992745362213701,0.76201741,0.977078378318236,
EMBER2018,cross_3view_stress,0.01,17,complete,False,X_primary_reduced,9649,0.9992745362213701,0.9455902166027568,0.05368431961861331,0.0061,0.0,0.9992745362213701,0.52859687,0.948,
EMBER2018,cross_3view_stress,0.01,17,complete,False,X_primary_full,9649,0.9992745362213701,0.9455902166027568,0.05368431961861331,0.0075,0.0,0.9992745362213701,0.624770215,0.952,
EMBER2018,cross_3view_stress,0.01,29,complete,False,TADR,9636,0.9995848899958489,0.8986093814860938,0.10097550850975512,0.0201,0.0,0.9995848899958489,0.68385713,0.17566663933415777,
EMBER2018,cross_3view_stress,0.01,29,complete,False,STRIP,9636,0.9995848899958489,0.8986093814860938,0.10097550850975512,0.0058,0.0,0.9995848899958489,0.7469804800000001,0.9779394975487328,
EMBER2018,cross_3view_stress,0.01,29,complete,False,X_primary_reduced,9636,0.9995848899958489,0.8986093814860938,0.10097550850975512,0.0056,0.0,0.9995848899958489,0.55328254,0.948,
EMBER2018,cross_3view_stress,0.01,29,complete,False,X_primary_full,9636,0.9995848899958489,0.8986093814860938,0.10097550850975512,0.0074,0.0,0.9995848899958489,0.623358125,0.9530000000000001,
EMBER2018,cross_3view_stress,0.01,43,complete,False,TADR,9663,0.9994825623512367,0.8371106281693056,0.16237193418193108,0.0023,0.0,0.9994825623512367,0.6694409,0.17289452546846157,
EMBER2018,cross_3view_stress,0.01,43,complete,False,STRIP,9663,0.9994825623512367,0.8371106281693056,0.16237193418193108,0.0074,0.00010354110581901015,0.999379074821484,0.79462565,0.975262909095139,
EMBER2018,cross_3view_stress,0.01,43,complete,False,X_primary_reduced,9663,0.9994825623512367,0.8371106281693056,0.16237193418193108,0.008,0.0,0.9994825623512367,0.507020985,0.9550000000000001,
EMBER2018,cross_3view_stress,0.01,43,complete,False,X_primary_full,9663,0.9994825623512367,0.8371106281693056,0.16237193418193108,0.0071,0.0,0.9994825623512367,0.562627165,0.9470000000000001,
EMBER2018,cross_3view_stress,0.02,17,complete,False,TADR,9649,0.9997927246346772,0.9455902166027568,0.05420250803192039,0.0052,0.0,0.9997927246346772,0.74788153,0.1646526935056241,
EMBER2018,cross_3view_stress,0.02,17,complete,False,STRIP,9649,0.9997927246346772,0.9455902166027568,0.05420250803192039,0.0058,0.0001036591686534674,0.9996890869520157,0.8379703,0.9775755942736303,
EMBER2018,cross_3view_stress,0.02,17,complete,False,X_primary_reduced,9649,0.9997927246346772,0.9455902166027568,0.05420250803192039,0.0078,0.0001036591686534674,0.9996890869520157,0.53363151,0.952,
EMBER2018,cross_3view_stress,0.02,17,complete,False,X_primary_full,9649,0.9997927246346772,0.9455902166027568,0.05420250803192039,0.0063,0.0,0.9997927246346772,0.632395675,0.9530000000000001,
EMBER2018,cross_3view_stress,0.02,29,complete,False,TADR,9636,0.9996886674968867,0.8986093814860938,0.10107928601079286,0.004,0.0,0.9996886674968867,0.6928358399999999,0.16955075784575058,
EMBER2018,cross_3view_stress,0.02,29,complete,False,STRIP,9636,0.9996886674968867,0.8986093814860938,0.10107928601079286,0.0051,0.00010380982040901069,0.9995848899958489,0.86069642,0.9751786821694964,
EMBER2018,cross_3view_stress,0.02,29,complete,False,X_primary_reduced,9636,0.9996886674968867,0.8986093814860938,0.10107928601079286,0.0052,0.00010380982040901069,0.9995848899958489,0.48804839,0.952,
EMBER2018,cross_3view_stress,0.02,29,complete,False,X_primary_full,9636,0.9996886674968867,0.8986093814860938,0.10107928601079286,0.0095,0.0,0.9996886674968867,0.5861817149999999,0.95,
EMBER2018,cross_3view_stress,0.02,43,complete,False,TADR,9663,1.0,0.8371106281693056,0.1628893718306944,0.0247,0.0,1.0,0.6848442499999999,0.16128593398639507,
EMBER2018,cross_3view_stress,0.02,43,complete,False,STRIP,9663,1.0,0.8371106281693056,0.1628893718306944,0.0068,0.0004139501190106592,0.9995860498809893,0.8358347999999999,0.9752319627870012,
EMBER2018,cross_3view_stress,0.02,43,complete,False,X_primary_reduced,9663,1.0,0.8371106281693056,0.1628893718306944,0.0053,0.0,1.0,0.46863434,0.9570000000000001,
EMBER2018,cross_3view_stress,0.02,43,complete,False,X_primary_full,9663,1.0,0.8371106281693056,0.1628893718306944,0.0097,0.0,1.0,0.547139175,0.946,
EMBER2024,concentrated_structural,0.005,17,complete,False,TADR,9651,0.14672054709356544,0.005698891306600352,0.1410216557869651,0.0075,0.0007062146892655367,0.14661693088799088,0.8146793099999999,0.17318910094252113,
EMBER2024,concentrated_structural,0.005,17,complete,False,STRIP,9651,0.14672054709356544,0.005698891306600352,0.1410216557869651,0.0052,0.0,0.14672054709356544,0.041883649999999994,0.9843550673402168,
EMBER2024,concentrated_structural,0.005,17,complete,False,X_primary_reduced,9651,0.14672054709356544,0.005698891306600352,0.1410216557869651,0.0074,0.07980225988700565,0.13501191586364109,0.772352105,0.945,
EMBER2024,concentrated_structural,0.005,17,complete,False,X_primary_full,9651,0.14672054709356544,0.005698891306600352,0.1410216557869651,0.0091,0.07344632768361582,0.13594446171381205,0.512878505,0.955,
EMBER2024,concentrated_structural,0.005,29,complete,False,TADR,9667,0.15506361849591394,0.0066204613634012624,0.14844315713251266,0.0066,0.0,0.15506361849591394,0.76286086,0.17396650122679314,
EMBER2024,concentrated_structural,0.005,29,complete,False,STRIP,9667,0.15506361849591394,0.0066204613634012624,0.14844315713251266,0.009,0.0,0.15506361849591394,0.03958156,0.9821894792632534,
EMBER2024,concentrated_structural,0.005,29,complete,False,X_primary_reduced,9667,0.15506361849591394,0.0066204613634012624,0.14844315713251266,0.0073,0.08138759172781855,0.14244336402193028,0.777393305,0.9359999999999999,
EMBER2024,concentrated_structural,0.005,29,complete,False,X_primary_full,9667,0.15506361849591394,0.0066204613634012624,0.14844315713251266,0.0068,0.06204136090727151,0.14544326057722148,0.51024847,0.961,
EMBER2024,concentrated_structural,0.005,43,complete,False,TADR,9659,0.11015633088311419,0.005383580080753701,0.10477275080236048,0.0059,0.0,0.11015633088311419,0.5203901599999999,0.17150347620785422,
EMBER2024,concentrated_structural,0.005,43,complete,False,STRIP,9659,0.11015633088311419,0.005383580080753701,0.10477275080236048,0.0063,0.0,0.11015633088311419,0.04332053,0.9859809675824508,
EMBER2024,concentrated_structural,0.005,43,complete,False,X_primary_reduced,9659,0.11015633088311419,0.005383580080753701,0.10477275080236048,0.0079,0.047932330827067667,0.10487628118852883,0.6715071699999999,0.9410000000000001,
EMBER2024,concentrated_structural,0.005,43,complete,False,X_primary_full,9659,0.11015633088311419,0.005383580080753701,0.10477275080236048,0.0082,0.03571428571428571,0.10622217620871725,0.43869490499999997,0.966,
EMBER2024,concentrated_structural,0.01,17,complete,False,TADR,9651,0.25344523883535386,0.005698891306600352,0.24774634752875352,0.0074,0.7726901062959934,0.05761061029945083,0.9765251,0.17068152419524382,
EMBER2024,concentrated_structural,0.01,17,complete,False,STRIP,9651,0.25344523883535386,0.005698891306600352,0.24774634752875352,0.0061,0.0,0.25344523883535386,0.03954598,0.9851812526467291,
EMBER2024,concentrated_structural,0.01,17,complete,False,X_primary_reduced,9651,0.25344523883535386,0.005698891306600352,0.24774634752875352,0.0068,0.214227309893704,0.19915034711428867,0.8165280300000001,0.9390000000000001,
EMBER2024,concentrated_structural,0.01,17,complete,False,X_primary_full,9651,0.25344523883535386,0.005698891306600352,0.24774634752875352,0.0096,0.1713000817661488,0.2100300486996166,0.61479317,0.96,
EMBER2024,concentrated_structural,0.01,29,complete,False,TADR,9667,0.23140581359263473,0.0066204613634012624,0.22478535222923346,0.0076,0.3831023692445239,0.1427536981483397,0.90431263,0.1742636591763909,
EMBER2024,concentrated_structural,0.01,29,complete,False,STRIP,9667,0.23140581359263473,0.0066204613634012624,0.22478535222923346,0.0069,0.0,0.23140581359263473,0.03991977,0.9826551006931314,
EMBER2024,concentrated_structural,0.01,29,complete,False,X_primary_reduced,9667,0.23140581359263473,0.0066204613634012624,0.22478535222923346,0.0075,0.1627179257934734,0.19375193958829007,0.833357105,0.9430000000000001,
EMBER2024,concentrated_structural,0.01,29,complete,False,X_primary_full,9667,0.23140581359263473,0.0066204613634012624,0.22478535222923346,0.0082,0.13857845328565044,0.19933795386365988,0.5948834000000001,0.9610000000000001,
EMBER2024,concentrated_structural,0.01,43,complete,False,TADR,9659,0.2902992028160265,0.005383580080753701,0.2849156227352728,0.0076,0.7524964336661911,0.07185008800082825,0.96586745,0.1726554576860101,
EMBER2024,concentrated_structural,0.01,43,complete,False,STRIP,9659,0.2902992028160265,0.005383580080753701,0.2849156227352728,0.0068,0.0,0.2902992028160265,0.038733790000000004,0.9860203440319745,
EMBER2024,concentrated_structural,0.01,43,complete,False,X_primary_reduced,9659,0.2902992028160265,0.005383580080753701,0.2849156227352728,0.0059,0.2738944365192582,0.21078786623874107,0.8288311,0.946,
EMBER2024,concentrated_structural,0.01,43,complete,False,X_primary_full,9659,0.2902992028160265,0.005383580080753701,0.2849156227352728,0.0075,0.2628388017118402,0.21399730820995963,0.627563555,0.9650000000000001,
EMBER2024,concentrated_structural,0.02,17,complete,False,TADR,9651,0.488550409284012,0.005698891306600352,0.48285151797741166,0.0083,0.9927889713679745,0.003522950989534763,0.9994674899999999,0.17412095919090362,
EMBER2024,concentrated_structural,0.02,17,complete,False,STRIP,9651,0.488550409284012,0.005698891306600352,0.48285151797741166,0.0055,0.0,0.488550409284012,0.04356397,0.9835121144943655,
EMBER2024,concentrated_structural,0.02,17,complete,False,X_primary_reduced,9651,0.488550409284012,0.005698891306600352,0.48285151797741166,0.0061,0.4593849416755037,0.2641177080095327,0.91933514,0.952,
EMBER2024,concentrated_structural,0.02,17,complete,False,X_primary_full,9651,0.488550409284012,0.005698891306600352,0.48285151797741166,0.0085,0.5493107104984093,0.2201844368459227,0.72244778,0.962,
EMBER2024,concentrated_structural,0.02,29,complete,False,TADR,9667,0.48008689355539463,0.0066204613634012624,0.47346643219199336,0.0075,0.993320405085111,0.0032067859728974863,0.9995930700000001,0.17092658972475766,
EMBER2024,concentrated_structural,0.02,29,complete,False,STRIP,9667,0.48008689355539463,0.0066204613634012624,0.47346643219199336,0.0078,0.0,0.48008689355539463,0.04443995,0.9813147679346522,
EMBER2024,concentrated_structural,0.02,29,complete,False,X_primary_reduced,9667,0.48008689355539463,0.0066204613634012624,0.47346643219199336,0.0067,0.5408317173023055,0.22044067445950138,0.8831669999999999,0.933,
EMBER2024,concentrated_structural,0.02,29,complete,False,X_primary_full,9667,0.48008689355539463,0.0066204613634012624,0.47346643219199336,0.0141,0.5080801551389786,0.2361642701975794,0.7202829550000001,0.969,
EMBER2024,concentrated_structural,0.02,43,complete,False,TADR,9659,0.4470442074748939,0.005383580080753701,0.4416606273941402,0.0071,0.9773043075497916,0.01014597784449736,0.99785647,0.1726792481811157,
EMBER2024,concentrated_structural,0.02,43,complete,False,STRIP,9659,0.4470442074748939,0.005383580080753701,0.4416606273941402,0.0085,0.0,0.4470442074748939,0.036973410000000005,0.9837383227080062,
EMBER2024,concentrated_structural,0.02,43,complete,False,X_primary_reduced,9659,0.4470442074748939,0.005383580080753701,0.4416606273941402,0.007,0.43584993052339044,0.2522000207060772,0.912350465,0.95,
EMBER2024,concentrated_structural,0.02,43,complete,False,X_primary_full,9659,0.4470442074748939,0.005383580080753701,0.4416606273941402,0.0112,0.5333487725798981,0.20861372812920592,0.7042058649999999,0.96,
EMBER2024,spread_structural,0.005,17,complete,False,TADR,9651,0.3150968811522122,0.028183607916278105,0.2869132732359341,0.0075,0.0,0.3150968811522122,0.19467418,0.17336283844962627,
EMBER2024,spread_structural,0.005,17,complete,False,STRIP,9651,0.3150968811522122,0.028183607916278105,0.2869132732359341,0.0063,0.0,0.3150968811522122,0.09676787,0.9838821144076328,
EMBER2024,spread_structural,0.005,17,complete,False,X_primary_reduced,9651,0.3150968811522122,0.028183607916278105,0.2869132732359341,0.0078,0.22262413679710621,0.2449487099782406,0.83068962,0.944,
EMBER2024,spread_structural,0.005,17,complete,False,X_primary_full,9651,0.3150968811522122,0.028183607916278105,0.2869132732359341,0.0129,0.24202564945741534,0.23883535384934204,0.638598615,0.956,
EMBER2024,spread_structural,0.005,29,complete,False,TADR,9667,0.3391952001655115,0.025033619530361022,0.3141615806351505,0.0052,0.0,0.3391952001655115,0.21073393,0.17270186012393862,
EMBER2024,spread_structural,0.005,29,complete,False,STRIP,9667,0.3391952001655115,0.025033619530361022,0.3141615806351505,0.0106,0.0,0.3391952001655115,0.053372,0.9805509586622243,
EMBER2024,spread_structural,0.005,29,complete,False,X_primary_reduced,9667,0.3391952001655115,0.025033619530361022,0.3141615806351505,0.0071,0.31899969502897224,0.23099203475742217,0.85048622,0.9359999999999999,
EMBER2024,spread_structural,0.005,29,complete,False,X_primary_full,9667,0.3391952001655115,0.025033619530361022,0.3141615806351505,0.0063,0.2918572735590119,0.24019861384090205,0.6671380849999999,0.962,
EMBER2024,spread_structural,0.005,43,complete,False,TADR,9659,0.2854332746661145,0.028884977740966974,0.2565482969251475,0.0073,0.0,0.2854332746661145,0.22059699,0.17001211727953258,
EMBER2024,spread_structural,0.005,43,complete,False,STRIP,9659,0.2854332746661145,0.028884977740966974,0.2565482969251475,0.0082,0.0,0.2854332746661145,0.057789049999999995,0.9827282480337987,
EMBER2024,spread_structural,0.005,43,complete,False,X_primary_reduced,9659,0.2854332746661145,0.028884977740966974,0.2565482969251475,0.0073,0.2509974610083424,0.21379024743762295,0.8300682149999999,0.9390000000000001,
EMBER2024,spread_structural,0.005,43,complete,False,X_primary_full,9659,0.2854332746661145,0.028884977740966974,0.2565482969251475,0.0084,0.22669568371418208,0.22072678331090176,0.6314479900000001,0.96,
EMBER2024,spread_structural,0.01,17,complete,False,TADR,9651,0.41487928712050565,0.028183607916278105,0.38669567920422754,0.0078,0.0,0.41487928712050565,0.28949692000000005,0.17419338357779046,
EMBER2024,spread_structural,0.01,17,complete,False,STRIP,9651,0.41487928712050565,0.028183607916278105,0.38669567920422754,0.0067,0.0,0.41487928712050565,0.12574574,0.9845281932550788,
EMBER2024,spread_structural,0.01,17,complete,False,X_primary_reduced,9651,0.41487928712050565,0.028183607916278105,0.38669567920422754,0.006,0.3389110889110889,0.27427209615583875,0.848330255,0.948,
EMBER2024,spread_structural,0.01,17,complete,False,X_primary_full,9651,0.41487928712050565,0.028183607916278105,0.38669567920422754,0.0087,0.3901098901098901,0.2530307740130556,0.69300421,0.96,
EMBER2024,spread_structural,0.01,29,complete,False,TADR,9667,0.44263990896865624,0.025033619530361022,0.4176062894382952,0.0061,0.0,0.44263990896865624,0.20584000000000002,0.17346614103492894,
EMBER2024,spread_structural,0.01,29,complete,False,STRIP,9667,0.44263990896865624,0.025033619530361022,0.4176062894382952,0.0115,0.0,0.44263990896865624,0.07443772,0.9796621356391849,
EMBER2024,spread_structural,0.01,29,complete,False,X_primary_reduced,9667,0.44263990896865624,0.025033619530361022,0.4176062894382952,0.0083,0.4704370179948586,0.23440571014792594,0.935906525,0.942,
EMBER2024,spread_structural,0.01,29,complete,False,X_primary_full,9667,0.44263990896865624,0.025033619530361022,0.4176062894382952,0.0075,0.46412713250759524,0.23719871728561084,0.7242657,0.966,
EMBER2024,spread_structural,0.01,43,complete,False,TADR,9659,0.493011698933637,0.028884977740966974,0.46412672119267,0.0074,0.0,0.493011698933637,0.18972771,0.17310068771318962,
EMBER2024,spread_structural,0.01,43,complete,False,STRIP,9659,0.493011698933637,0.028884977740966974,0.46412672119267,0.0078,0.0,0.493011698933637,0.06562267999999999,0.984043644928562,
EMBER2024,spread_structural,0.01,43,complete,False,X_primary_reduced,9659,0.493011698933637,0.028884977740966974,0.46412672119267,0.0062,0.4475010499790004,0.2723884460089036,0.89218184,0.948,
EMBER2024,spread_structural,0.01,43,complete,False,X_primary_full,9659,0.493011698933637,0.028884977740966974,0.46412672119267,0.0078,0.5466190676186476,0.22352210373744694,0.7556763850000001,0.958,
EMBER2024,spread_structural,0.02,17,complete,True,TADR,9651,0.5939280903533313,0.028183607916278105,0.5657444824370532,0.0062,0.0,0.5939280903533313,0.30287606,0.17136809792101437,
EMBER2024,spread_structural,0.02,17,complete,True,STRIP,9651,0.5939280903533313,0.028183607916278105,0.5657444824370532,0.0049,0.0,0.5939280903533313,0.13682452,0.9870346165112142,
EMBER2024,spread_structural,0.02,17,complete,True,X_primary_reduced,9651,0.5939280903533313,0.028183607916278105,0.5657444824370532,0.0085,0.4884856943475227,0.30380271474458603,0.9494644799999999,0.9430000000000001,
EMBER2024,spread_structural,0.02,17,complete,True,X_primary_full,9651,0.5939280903533313,0.028183607916278105,0.5657444824370532,0.0061,0.6278785764131193,0.22101336649051911,0.8472128999999999,0.956,
EMBER2024,spread_structural,0.02,29,complete,True,TADR,9667,0.5783593669183821,0.025033619530361022,0.5533257473880211,0.0069,0.0,0.5783593669183821,0.17047758,0.17360345138775998,
EMBER2024,spread_structural,0.02,29,complete,True,STRIP,9667,0.5783593669183821,0.025033619530361022,0.5533257473880211,0.0086,0.0,0.5783593669183821,0.07746768000000001,0.982297895455867,
EMBER2024,spread_structural,0.02,29,complete,True,X_primary_reduced,9667,0.5783593669183821,0.025033619530361022,0.5533257473880211,0.0081,0.48864246109819354,0.2957484224681908,0.937362115,0.95,
EMBER2024,spread_structural,0.02,29,complete,True,X_primary_full,9667,0.5783593669183821,0.025033619530361022,0.5533257473880211,0.0071,0.6367376140225363,0.21009620357918693,0.8440587900000001,0.952,
EMBER2024,spread_structural,0.02,43,complete,True,TADR,9659,0.5342167926286365,0.028884977740966974,0.5053318148876695,0.0065,0.0,0.5342167926286365,0.30998307,0.17350356189012883,
EMBER2024,spread_structural,0.02,43,complete,True,STRIP,9659,0.5342167926286365,0.028884977740966974,0.5053318148876695,0.0089,0.0,0.5342167926286365,0.07198954,0.9831936535113264,
EMBER2024,spread_structural,0.02,43,complete,True,X_primary_reduced,9659,0.5342167926286365,0.028884977740966974,0.5053318148876695,0.0067,0.47267441860465115,0.28170618076405424,0.9038073150000001,0.942,
EMBER2024,spread_structural,0.02,43,complete,True,X_primary_full,9659,0.5342167926286365,0.028884977740966974,0.5053318148876695,0.0116,0.5279069767441861,0.2522000207060772,0.754996665,0.964,
EMBER2024,cross_3view_stress,0.005,17,complete,True,TADR,9651,0.9793803750906642,0.18029219769972024,0.799088177390944,0.0071,0.0,0.9793803750906642,0.43340778,0.17647456588583418,
EMBER2024,cross_3view_stress,0.005,17,complete,True,STRIP,9651,0.9793803750906642,0.18029219769972024,0.799088177390944,0.0062,0.0,0.9793803750906642,0.11483238,0.986328650517474,
EMBER2024,cross_3view_stress,0.005,17,complete,True,X_primary_reduced,9651,0.9793803750906642,0.18029219769972024,0.799088177390944,0.0068,0.0,0.9793803750906642,0.6940195599999999,0.9530000000000001,
EMBER2024,cross_3view_stress,0.005,17,complete,True,X_primary_full,9651,0.9793803750906642,0.18029219769972024,0.799088177390944,0.0082,0.12494710114261531,0.8570096363071185,0.823291785,0.961,
EMBER2024,cross_3view_stress,0.005,29,complete,True,TADR,9667,0.9942070963070239,0.3246094962242681,0.6695976000827557,0.0071,0.0,0.9942070963070239,0.21834514,0.17331124947036924,
EMBER2024,cross_3view_stress,0.005,29,complete,True,STRIP,9667,0.9942070963070239,0.3246094962242681,0.6695976000827557,0.0088,0.0,0.9942070963070239,0.12302624,0.9843404786604039,
EMBER2024,cross_3view_stress,0.005,29,complete,True,X_primary_reduced,9667,0.9942070963070239,0.3246094962242681,0.6695976000827557,0.0093,0.0,0.9942070963070239,0.5812601849999999,0.9339999999999999,
EMBER2024,cross_3view_stress,0.005,29,complete,True,X_primary_full,9667,0.9942070963070239,0.3246094962242681,0.6695976000827557,0.0083,0.011029029237332224,0.9832419571738905,0.74442164,0.956,
EMBER2024,cross_3view_stress,0.005,43,complete,True,TADR,9659,0.9928564033543845,0.14111191634744796,0.8517444870069366,0.0061,0.0,0.9928564033543845,0.41291542,0.17393735949961195,
EMBER2024,cross_3view_stress,0.005,43,complete,True,STRIP,9659,0.9928564033543845,0.14111191634744796,0.8517444870069366,0.0088,0.0,0.9928564033543845,0.08299268000000001,0.985808721269921,
EMBER2024,cross_3view_stress,0.005,43,complete,True,X_primary_reduced,9659,0.9928564033543845,0.14111191634744796,0.8517444870069366,0.0068,0.0,0.9928564033543845,0.6931239250000001,0.9590000000000001,
EMBER2024,cross_3view_stress,0.005,43,complete,True,X_primary_full,9659,0.9928564033543845,0.14111191634744796,0.8517444870069366,0.0074,0.11720542231491136,0.8764882493011699,0.81795068,0.964,
EMBER2024,cross_3view_stress,0.01,17,complete,True,TADR,9651,0.9986529893275308,0.18029219769972024,0.8183607916278105,0.0077,0.0,0.9986529893275308,0.44600043000000006,0.17605389976622454,
EMBER2024,cross_3view_stress,0.01,17,complete,True,STRIP,9651,0.9986529893275308,0.18029219769972024,0.8183607916278105,0.0077,0.0,0.9986529893275308,0.10215521,0.985533812705763,
EMBER2024,cross_3view_stress,0.01,17,complete,True,X_primary_reduced,9651,0.9986529893275308,0.18029219769972024,0.8183607916278105,0.0072,0.0,0.9986529893275308,0.67207671,0.948,
EMBER2024,cross_3view_stress,0.01,17,complete,True,X_primary_full,9651,0.9986529893275308,0.18029219769972024,0.8183607916278105,0.0051,0.08383482050217887,0.914931095223293,0.817788495,0.962,
EMBER2024,cross_3view_stress,0.01,29,complete,True,TADR,9667,1.0,0.3246094962242681,0.675390503775732,0.0082,0.0,1.0,0.30751056,0.17494026237170873,
EMBER2024,cross_3view_stress,0.01,29,complete,True,STRIP,9667,1.0,0.3246094962242681,0.675390503775732,0.0083,0.0,1.0,0.2139763,0.9846735869884,
EMBER2024,cross_3view_stress,0.01,29,complete,True,X_primary_reduced,9667,1.0,0.3246094962242681,0.675390503775732,0.0079,0.0,1.0,0.612519475,0.94,
EMBER2024,cross_3view_stress,0.01,29,complete,True,X_primary_full,9667,1.0,0.3246094962242681,0.675390503775732,0.0072,0.020068273507810076,0.97993172649219,0.7767406800000001,0.966,
EMBER2024,cross_3view_stress,0.01,43,complete,True,TADR,9659,0.9940987679884046,0.14111191634744796,0.8529868516409567,0.0076,0.0,0.9940987679884046,0.51480669,0.17481218477436267,
EMBER2024,cross_3view_stress,0.01,43,complete,True,STRIP,9659,0.9940987679884046,0.14111191634744796,0.8529868516409567,0.0075,0.0,0.9940987679884046,0.12469163,0.9852955417429977,
EMBER2024,cross_3view_stress,0.01,43,complete,True,X_primary_reduced,9659,0.9940987679884046,0.14111191634744796,0.8529868516409567,0.0083,0.00010414496979795876,0.9939952376022363,0.6431534649999999,0.9390000000000001,
EMBER2024,cross_3view_stress,0.01,43,complete,True,X_primary_full,9659,0.9940987679884046,0.14111191634744796,0.8529868516409567,0.0076,0.06675692564049157,0.9277357904544984,0.7954246949999999,0.964,
EMBER2024,cross_3view_stress,0.02,17,complete,True,TADR,9651,1.0,0.18029219769972024,0.8197078023002797,0.009,0.0,1.0,0.5353899,0.17809324007748117,
EMBER2024,cross_3view_stress,0.02,17,complete,True,STRIP,9651,1.0,0.18029219769972024,0.8197078023002797,0.007,0.0,1.0,0.12593818,0.9866154395788697,
EMBER2024,cross_3view_stress,0.02,17,complete,True,X_primary_reduced,9651,1.0,0.18029219769972024,0.8197078023002797,0.0066,0.0,1.0,0.594327185,0.961,
EMBER2024,cross_3view_stress,0.02,17,complete,True,X_primary_full,9651,1.0,0.18029219769972024,0.8197078023002797,0.0069,0.0473526059475702,0.9526473940524298,0.7871657900000001,0.956,
EMBER2024,cross_3view_stress,0.02,29,complete,True,TADR,9667,1.0,0.3246094962242681,0.675390503775732,0.0073,0.0,1.0,0.37730841000000004,0.18042807751965606,
EMBER2024,cross_3view_stress,0.02,29,complete,True,STRIP,9667,1.0,0.3246094962242681,0.675390503775732,0.0104,0.0,1.0,0.22970739,0.9848942035644395,
EMBER2024,cross_3view_stress,0.02,29,complete,True,X_primary_reduced,9667,1.0,0.3246094962242681,0.675390503775732,0.0098,0.0,1.0,0.49659012999999996,0.9390000000000001,
EMBER2024,cross_3view_stress,0.02,29,complete,True,X_primary_full,9667,1.0,0.3246094962242681,0.675390503775732,0.0227,0.00031033412640943414,0.9996896658735905,0.7154315099999999,0.9650000000000001,
EMBER2024,cross_3view_stress,0.02,43,complete,True,TADR,9659,0.9967905580287815,0.14111191634744796,0.8556786416813336,0.0075,0.0,0.9967905580287815,0.6392462099999999,0.17669885406508917,
EMBER2024,cross_3view_stress,0.02,43,complete,True,STRIP,9659,0.9967905580287815,0.14111191634744796,0.8556786416813336,0.0082,0.0,0.9967905580287815,0.14843752,0.9862405828670079,
EMBER2024,cross_3view_stress,0.02,43,complete,True,X_primary_reduced,9659,0.9967905580287815,0.14111191634744796,0.8556786416813336,0.0049,0.0,0.9967905580287815,0.606476005,0.9550000000000001,
EMBER2024,cross_3view_stress,0.02,43,complete,True,X_primary_full,9659,0.9967905580287815,0.14111191634744796,0.8556786416813336,0.0103,0.028666389696717906,0.9682161714463194,0.7770917100000001,0.965,
