seed,trigger,rate,method,auroc_trigger_benign,auroc_trigger_malware,recall,fpr,asr_before,asr_after
17,concentrated,0.01,TADR,0.3213,0.3842,0.0,0.0,0.11494252873563218,0.11494252873563218
17,concentrated,0.01,M3,0.5688,0.7195,0.0,0.01,0.11494252873563218,0.11494252873563218
17,concentrated,0.01,M4_reduced,0.6761999999999999,0.5949,0.0,0.02,0.11494252873563218,0.11494252873563218
17,concentrated,0.01,M5_limited,0.5,0.5,0.0,0.0,0.11494252873563218,0.11494252873563218
17,concentrated,0.01,M4_full,0.4018,0.7087999999999999,0.02,0.02,0.11494252873563218,0.11494252873563218
17,concentrated,0.01,STRIP,0.2109,0.4061,0.0,0.04,0.11494252873563218,0.11494252873563218
17,concentrated,0.01,X_reduced,0.5802,0.7304499999999999,0.0,0.01,0.11494252873563218,0.11494252873563218
17,concentrated,0.01,X_reduced_M5_limited,0.5799000000000001,0.7298999999999999,0.0,0.01,0.11494252873563218,0.11494252873563218
17,concentrated,0.01,X_full,0.4399,0.7398,0.01,0.02,0.11494252873563218,0.11494252873563218
17,concentrated,0.01,X_full_M5_limited,0.44005000000000005,0.7395999999999999,0.01,0.02,0.11494252873563218,0.11494252873563218
